Model,Accuracy,Precision,Recall,F1,ROC-AUC,PR-AUC
lightgbm,1.0,1.0,1.0,1.0,1.0,1.0
svm,0.9655172413793104,0.9166666666666666,1.0,0.9565217391304348,0.994949494949495,0.9920798898071624
random_forest,0.9310344827586207,0.9090909090909091,0.9090909090909091,0.9090909090909091,0.9949494949494949,0.9920798898071626
knn,0.9310344827586207,0.9090909090909091,0.9090909090909091,0.9090909090909091,0.9924242424242424,0.9879476584022039
naive_bayes,0.9310344827586207,0.9090909090909091,0.9090909090909091,0.9090909090909091,0.9595959595959596,0.9119375573921028
logistic_regression,0.9310344827586207,1.0,0.8181818181818182,0.9,0.9949494949494949,0.9920798898071624
