{
  "random_forest": {
    "model": "random_forest",
    "accuracy": 0.9310344827586207,
    "precision": 0.9090909090909091,
    "recall": 0.9090909090909091,
    "f1": 0.9090909090909091,
    "balanced_accuracy": 0.9267676767676767,
    "roc_auc": 0.9949494949494949,
    "pr_auc": 0.9920798898071626,
    "confusion_matrix": [
      [
        17,
        1
      ],
      [
        1,
        10
      ]
    ]
  },
  "lightgbm": {
    "model": "lightgbm",
    "accuracy": 1.0,
    "precision": 1.0,
    "recall": 1.0,
    "f1": 1.0,
    "balanced_accuracy": 1.0,
    "roc_auc": 1.0,
    "pr_auc": 1.0,
    "confusion_matrix": [
      [
        18,
        0
      ],
      [
        0,
        11
      ]
    ]
  },
  "logistic_regression": {
    "model": "logistic_regression",
    "accuracy": 0.9310344827586207,
    "precision": 1.0,
    "recall": 0.8181818181818182,
    "f1": 0.9,
    "balanced_accuracy": 0.9090909090909092,
    "roc_auc": 0.9949494949494949,
    "pr_auc": 0.9920798898071624,
    "confusion_matrix": [
      [
        18,
        0
      ],
      [
        2,
        9
      ]
    ]
  },
  "svm": {
    "model": "svm",
    "accuracy": 0.9655172413793104,
    "precision": 0.9166666666666666,
    "recall": 1.0,
    "f1": 0.9565217391304348,
    "balanced_accuracy": 0.9722222222222222,
    "roc_auc": 0.994949494949495,
    "pr_auc": 0.9920798898071624,
    "confusion_matrix": [
      [
        17,
        1
      ],
      [
        0,
        11
      ]
    ]
  },
  "knn": {
    "model": "knn",
    "accuracy": 0.9310344827586207,
    "precision": 0.9090909090909091,
    "recall": 0.9090909090909091,
    "f1": 0.9090909090909091,
    "balanced_accuracy": 0.9267676767676767,
    "roc_auc": 0.9924242424242424,
    "pr_auc": 0.9879476584022039,
    "confusion_matrix": [
      [
        17,
        1
      ],
      [
        1,
        10
      ]
    ]
  },
  "naive_bayes": {
    "model": "naive_bayes",
    "accuracy": 0.9310344827586207,
    "precision": 0.9090909090909091,
    "recall": 0.9090909090909091,
    "f1": 0.9090909090909091,
    "balanced_accuracy": 0.9267676767676767,
    "roc_auc": 0.9595959595959596,
    "pr_auc": 0.9119375573921028,
    "confusion_matrix": [
      [
        17,
        1
      ],
      [
        1,
        10
      ]
    ]
  }
}