Model,Accuracy,Balanced Accuracy,F1 (Macro),F1 (Weighted),Precision (Macro),Recall (Macro),ROC-AUC (OvR)
lightgbm,0.9655172413793104,0.9333333333333332,0.9558707643814026,0.9639683704247166,0.9861111111111112,0.9333333333333332,1.0
random_forest,0.9310344827586207,0.8666666666666667,0.7984633569739952,0.9285277573978968,0.8194444444444445,0.8666666666666667,1.0
svm,0.9310344827586207,0.6,0.5929078014184398,0.9141599413059428,0.5861111111111111,0.6,0.9916666666666667
logistic_regression,0.8620689655172413,0.4666666666666666,0.48611111111111116,0.846264367816092,0.5288888888888889,0.4666666666666666,0.9204623878536923
naive_bayes,0.7586206896551724,0.4753623188405797,0.44841979725700654,0.7804577138979705,0.44166666666666665,0.4753623188405797,0.6975500345065563
knn,0.8275862068965517,0.39999999999999997,0.40816326530612246,0.7938071780436312,0.4615384615384615,0.39999999999999997,0.9126466528640442
