{
  "random_forest": {
    "model": "random_forest",
    "accuracy": 0.9310344827586207,
    "balanced_accuracy": 0.8666666666666667,
    "f1_macro": 0.7984633569739952,
    "f1_weighted": 0.9285277573978968,
    "precision_macro": 0.8194444444444445,
    "recall_macro": 0.8666666666666667,
    "roc_auc_ovr": 1.0,
    "confusion_matrix": [
      [
        1,
        0,
        0
      ],
      [
        0,
        23,
        0
      ],
      [
        1,
        1,
        3
      ]
    ],
    "classification_report": {
      "high": {
        "precision": 0.5,
        "recall": 1.0,
        "f1-score": 0.6666666666666666,
        "support": 1.0
      },
      "low": {
        "precision": 0.9583333333333334,
        "recall": 1.0,
        "f1-score": 0.9787234042553191,
        "support": 23.0
      },
      "moderate": {
        "precision": 1.0,
        "recall": 0.6,
        "f1-score": 0.75,
        "support": 5.0
      },
      "accuracy": 0.9310344827586207,
      "macro avg": {
        "precision": 0.8194444444444445,
        "recall": 0.8666666666666667,
        "f1-score": 0.7984633569739952,
        "support": 29.0
      },
      "weighted avg": {
        "precision": 0.949712643678161,
        "recall": 0.9310344827586207,
        "f1-score": 0.9285277573978968,
        "support": 29.0
      }
    }
  },
  "lightgbm": {
    "model": "lightgbm",
    "accuracy": 0.9655172413793104,
    "balanced_accuracy": 0.9333333333333332,
    "f1_macro": 0.9558707643814026,
    "f1_weighted": 0.9639683704247166,
    "precision_macro": 0.9861111111111112,
    "recall_macro": 0.9333333333333332,
    "roc_auc_ovr": 1.0,
    "confusion_matrix": [
      [
        1,
        0,
        0
      ],
      [
        0,
        23,
        0
      ],
      [
        0,
        1,
        4
      ]
    ],
    "classification_report": {
      "high": {
        "precision": 1.0,
        "recall": 1.0,
        "f1-score": 1.0,
        "support": 1.0
      },
      "low": {
        "precision": 0.9583333333333334,
        "recall": 1.0,
        "f1-score": 0.9787234042553191,
        "support": 23.0
      },
      "moderate": {
        "precision": 1.0,
        "recall": 0.8,
        "f1-score": 0.8888888888888888,
        "support": 5.0
      },
      "accuracy": 0.9655172413793104,
      "macro avg": {
        "precision": 0.9861111111111112,
        "recall": 0.9333333333333332,
        "f1-score": 0.9558707643814026,
        "support": 29.0
      },
      "weighted avg": {
        "precision": 0.9669540229885057,
        "recall": 0.9655172413793104,
        "f1-score": 0.9639683704247166,
        "support": 29.0
      }
    }
  },
  "logistic_regression": {
    "model": "logistic_regression",
    "accuracy": 0.8620689655172413,
    "balanced_accuracy": 0.4666666666666666,
    "f1_macro": 0.48611111111111116,
    "f1_weighted": 0.846264367816092,
    "precision_macro": 0.5288888888888889,
    "recall_macro": 0.4666666666666666,
    "roc_auc_ovr": 0.9204623878536923,
    "confusion_matrix": [
      [
        0,
        0,
        1
      ],
      [
        0,
        23,
        0
      ],
      [
        1,
        2,
        2
      ]
    ],
    "classification_report": {
      "high": {
        "precision": 0.0,
        "recall": 0.0,
        "f1-score": 0.0,
        "support": 1.0
      },
      "low": {
        "precision": 0.92,
        "recall": 1.0,
        "f1-score": 0.9583333333333334,
        "support": 23.0
      },
      "moderate": {
        "precision": 0.6666666666666666,
        "recall": 0.4,
        "f1-score": 0.5,
        "support": 5.0
      },
      "accuracy": 0.8620689655172413,
      "macro avg": {
        "precision": 0.5288888888888889,
        "recall": 0.4666666666666666,
        "f1-score": 0.48611111111111116,
        "support": 29.0
      },
      "weighted avg": {
        "precision": 0.8445977011494252,
        "recall": 0.8620689655172413,
        "f1-score": 0.846264367816092,
        "support": 29.0
      }
    }
  },
  "svm": {
    "model": "svm",
    "accuracy": 0.9310344827586207,
    "balanced_accuracy": 0.6,
    "f1_macro": 0.5929078014184398,
    "f1_weighted": 0.9141599413059428,
    "precision_macro": 0.5861111111111111,
    "recall_macro": 0.6,
    "roc_auc_ovr": 0.9916666666666667,
    "confusion_matrix": [
      [
        0,
        0,
        1
      ],
      [
        0,
        23,
        0
      ],
      [
        0,
        1,
        4
      ]
    ],
    "classification_report": {
      "high": {
        "precision": 0.0,
        "recall": 0.0,
        "f1-score": 0.0,
        "support": 1.0
      },
      "low": {
        "precision": 0.9583333333333334,
        "recall": 1.0,
        "f1-score": 0.9787234042553191,
        "support": 23.0
      },
      "moderate": {
        "precision": 0.8,
        "recall": 0.8,
        "f1-score": 0.8,
        "support": 5.0
      },
      "accuracy": 0.9310344827586207,
      "macro avg": {
        "precision": 0.5861111111111111,
        "recall": 0.6,
        "f1-score": 0.5929078014184398,
        "support": 29.0
      },
      "weighted avg": {
        "precision": 0.8979885057471265,
        "recall": 0.9310344827586207,
        "f1-score": 0.9141599413059428,
        "support": 29.0
      }
    }
  },
  "knn": {
    "model": "knn",
    "accuracy": 0.8275862068965517,
    "balanced_accuracy": 0.39999999999999997,
    "f1_macro": 0.40816326530612246,
    "f1_weighted": 0.7938071780436312,
    "precision_macro": 0.4615384615384615,
    "recall_macro": 0.39999999999999997,
    "roc_auc_ovr": 0.9126466528640442,
    "confusion_matrix": [
      [
        0,
        0,
        1
      ],
      [
        0,
        23,
        0
      ],
      [
        1,
        3,
        1
      ]
    ],
    "classification_report": {
      "high": {
        "precision": 0.0,
        "recall": 0.0,
        "f1-score": 0.0,
        "support": 1.0
      },
      "low": {
        "precision": 0.8846153846153846,
        "recall": 1.0,
        "f1-score": 0.9387755102040817,
        "support": 23.0
      },
      "moderate": {
        "precision": 0.5,
        "recall": 0.2,
        "f1-score": 0.2857142857142857,
        "support": 5.0
      },
      "accuracy": 0.8275862068965517,
      "macro avg": {
        "precision": 0.4615384615384615,
        "recall": 0.39999999999999997,
        "f1-score": 0.40816326530612246,
        "support": 29.0
      },
      "weighted avg": {
        "precision": 0.7877984084880637,
        "recall": 0.8275862068965517,
        "f1-score": 0.7938071780436312,
        "support": 29.0
      }
    }
  },
  "naive_bayes": {
    "model": "naive_bayes",
    "accuracy": 0.7586206896551724,
    "balanced_accuracy": 0.4753623188405797,
    "f1_macro": 0.44841979725700654,
    "f1_weighted": 0.7804577138979705,
    "precision_macro": 0.44166666666666665,
    "recall_macro": 0.4753623188405797,
    "roc_auc_ovr": 0.6975500345065563,
    "confusion_matrix": [
      [
        0,
        0,
        1
      ],
      [
        0,
        19,
        4
      ],
      [
        1,
        1,
        3
      ]
    ],
    "classification_report": {
      "high": {
        "precision": 0.0,
        "recall": 0.0,
        "f1-score": 0.0,
        "support": 1.0
      },
      "low": {
        "precision": 0.95,
        "recall": 0.8260869565217391,
        "f1-score": 0.8837209302325582,
        "support": 23.0
      },
      "moderate": {
        "precision": 0.375,
        "recall": 0.6,
        "f1-score": 0.46153846153846156,
        "support": 5.0
      },
      "accuracy": 0.7586206896551724,
      "macro avg": {
        "precision": 0.44166666666666665,
        "recall": 0.4753623188405797,
        "f1-score": 0.44841979725700654,
        "support": 29.0
      },
      "weighted avg": {
        "precision": 0.818103448275862,
        "recall": 0.7586206896551724,
        "f1-score": 0.7804577138979705,
        "support": 29.0
      }
    }
  }
}