{
  "random_forest": {
    "model": "random_forest",
    "accuracy": 0.5862068965517241,
    "balanced_accuracy": 0.6447368421052632,
    "f1_macro": 0.4618437118437118,
    "f1_weighted": 0.6457622836933181,
    "precision_macro": 0.47222222222222215,
    "recall_macro": 0.537280701754386,
    "roc_auc_ovr": NaN,
    "confusion_matrix": [
      [
        1,
        0,
        0,
        0,
        0,
        0
      ],
      [
        0,
        4,
        0,
        0,
        0,
        0
      ],
      [
        1,
        0,
        3,
        0,
        0,
        0
      ],
      [
        0,
        0,
        6,
        9,
        0,
        4
      ],
      [
        0,
        0,
        0,
        0,
        0,
        1
      ],
      [
        0,
        0,
        0,
        0,
        0,
        0
      ]
    ],
    "classification_report": {
      "enterobacter_aerogenes": {
        "precision": 0.5,
        "recall": 1.0,
        "f1-score": 0.6666666666666666,
        "support": 1.0
      },
      "enterobacter_cloacae_complex": {
        "precision": 1.0,
        "recall": 1.0,
        "f1-score": 1.0,
        "support": 4.0
      },
      "escherichia_coli": {
        "precision": 0.3333333333333333,
        "recall": 0.75,
        "f1-score": 0.46153846153846156,
        "support": 4.0
      },
      "klebsiella_pneumoniae": {
        "precision": 1.0,
        "recall": 0.47368421052631576,
        "f1-score": 0.6428571428571429,
        "support": 19.0
      },
      "klebsiella_pneumoniae_ssp_ozaenae": {
        "precision": 0.0,
        "recall": 0.0,
        "f1-score": 0.0,
        "support": 1.0
      },
      "vibrio_cholerae": {
        "precision": 0.0,
        "recall": 0.0,
        "f1-score": 0.0,
        "support": 0.0
      },
      "accuracy": 0.5862068965517241,
      "macro avg": {
        "precision": 0.47222222222222215,
        "recall": 0.537280701754386,
        "f1-score": 0.4618437118437118,
        "support": 29.0
      },
      "weighted avg": {
        "precision": 0.8563218390804598,
        "recall": 0.5862068965517241,
        "f1-score": 0.6457622836933181,
        "support": 29.0
      }
    }
  },
  "lightgbm": {
    "model": "lightgbm",
    "accuracy": 0.3793103448275862,
    "balanced_accuracy": 0.5815789473684211,
    "f1_macro": 0.29451659451659445,
    "f1_weighted": 0.3737025426680599,
    "precision_macro": 0.34372294372294376,
    "recall_macro": 0.41541353383458646,
    "roc_auc_ovr": NaN,
    "confusion_matrix": [
      [
        1,
        0,
        0,
        0,
        0,
        0,
        0
      ],
      [
        0,
        4,
        0,
        0,
        0,
        0,
        0
      ],
      [
        1,
        0,
        3,
        0,
        0,
        0,
        0
      ],
      [
        1,
        1,
        8,
        3,
        0,
        4,
        2
      ],
      [
        0,
        0,
        0,
        0,
        0,
        1,
        0
      ],
      [
        0,
        0,
        0,
        0,
        0,
        0,
        0
      ],
      [
        0,
        0,
        0,
        0,
        0,
        0,
        0
      ]
    ],
    "classification_report": {
      "enterobacter_aerogenes": {
        "precision": 0.3333333333333333,
        "recall": 1.0,
        "f1-score": 0.5,
        "support": 1.0
      },
      "enterobacter_cloacae_complex": {
        "precision": 0.8,
        "recall": 1.0,
        "f1-score": 0.8888888888888888,
        "support": 4.0
      },
      "escherichia_coli": {
        "precision": 0.2727272727272727,
        "recall": 0.75,
        "f1-score": 0.4,
        "support": 4.0
      },
      "klebsiella_pneumoniae": {
        "precision": 1.0,
        "recall": 0.15789473684210525,
        "f1-score": 0.2727272727272727,
        "support": 19.0
      },
      "klebsiella_pneumoniae_ssp_ozaenae": {
        "precision": 0.0,
        "recall": 0.0,
        "f1-score": 0.0,
        "support": 1.0
      },
      "vibrio_cholerae": {
        "precision": 0.0,
        "recall": 0.0,
        "f1-score": 0.0,
        "support": 0.0
      },
      "vibrio_vulnificus": {
        "precision": 0.0,
        "recall": 0.0,
        "f1-score": 0.0,
        "support": 0.0
      },
      "accuracy": 0.3793103448275862,
      "macro avg": {
        "precision": 0.34372294372294376,
        "recall": 0.41541353383458646,
        "f1-score": 0.29451659451659445,
        "support": 29.0
      },
      "weighted avg": {
        "precision": 0.8146290491118078,
        "recall": 0.3793103448275862,
        "f1-score": 0.3737025426680599,
        "support": 29.0
      }
    }
  },
  "logistic_regression": {
    "model": "logistic_regression",
    "accuracy": 0.5172413793103449,
    "balanced_accuracy": 0.6236842105263157,
    "f1_macro": 0.4111721611721612,
    "f1_weighted": 0.5670708601743084,
    "precision_macro": 0.4388888888888889,
    "recall_macro": 0.5197368421052632,
    "roc_auc_ovr": NaN,
    "confusion_matrix": [
      [
        1,
        0,
        0,
        0,
        0,
        0
      ],
      [
        0,
        4,
        0,
        0,
        0,
        0
      ],
      [
        1,
        0,
        3,
        0,
        0,
        0
      ],
      [
        1,
        0,
        7,
        7,
        0,
        4
      ],
      [
        0,
        0,
        0,
        0,
        0,
        1
      ],
      [
        0,
        0,
        0,
        0,
        0,
        0
      ]
    ],
    "classification_report": {
      "enterobacter_aerogenes": {
        "precision": 0.3333333333333333,
        "recall": 1.0,
        "f1-score": 0.5,
        "support": 1.0
      },
      "enterobacter_cloacae_complex": {
        "precision": 1.0,
        "recall": 1.0,
        "f1-score": 1.0,
        "support": 4.0
      },
      "escherichia_coli": {
        "precision": 0.3,
        "recall": 0.75,
        "f1-score": 0.42857142857142855,
        "support": 4.0
      },
      "klebsiella_pneumoniae": {
        "precision": 1.0,
        "recall": 0.3684210526315789,
        "f1-score": 0.5384615384615384,
        "support": 19.0
      },
      "klebsiella_pneumoniae_ssp_ozaenae": {
        "precision": 0.0,
        "recall": 0.0,
        "f1-score": 0.0,
        "support": 1.0
      },
      "vibrio_cholerae": {
        "precision": 0.0,
        "recall": 0.0,
        "f1-score": 0.0,
        "support": 0.0
      },
      "accuracy": 0.5172413793103449,
      "macro avg": {
        "precision": 0.4388888888888889,
        "recall": 0.5197368421052632,
        "f1-score": 0.4111721611721612,
        "support": 29.0
      },
      "weighted avg": {
        "precision": 0.8459770114942529,
        "recall": 0.5172413793103449,
        "f1-score": 0.5670708601743084,
        "support": 29.0
      }
    }
  },
  "svm": {
    "model": "svm",
    "accuracy": 0.5172413793103449,
    "balanced_accuracy": 0.6236842105263157,
    "f1_macro": 0.4111721611721612,
    "f1_weighted": 0.5670708601743084,
    "precision_macro": 0.4388888888888889,
    "recall_macro": 0.5197368421052632,
    "roc_auc_ovr": NaN,
    "confusion_matrix": [
      [
        1,
        0,
        0,
        0,
        0,
        0
      ],
      [
        0,
        4,
        0,
        0,
        0,
        0
      ],
      [
        1,
        0,
        3,
        0,
        0,
        0
      ],
      [
        1,
        0,
        7,
        7,
        0,
        4
      ],
      [
        0,
        0,
        0,
        0,
        0,
        1
      ],
      [
        0,
        0,
        0,
        0,
        0,
        0
      ]
    ],
    "classification_report": {
      "enterobacter_aerogenes": {
        "precision": 0.3333333333333333,
        "recall": 1.0,
        "f1-score": 0.5,
        "support": 1.0
      },
      "enterobacter_cloacae_complex": {
        "precision": 1.0,
        "recall": 1.0,
        "f1-score": 1.0,
        "support": 4.0
      },