{
  "random_forest": {
    "model": "random_forest",
    "accuracy": 0.9310344827586207,
    "balanced_accuracy": 0.75,
    "f1_macro": 0.7614285714285713,
    "f1_weighted": 0.9130541871921182,
    "precision_macro": 0.780952380952381,
    "recall_macro": 0.75,
    "roc_auc_ovr": NaN,
    "confusion_matrix": [
      [
        1,
        0,
        0,
        0,
        0
      ],
      [
        0,
        4,
        0,
        0,
        0
      ],
      [
        0,
        0,
        3,
        1,
        0
      ],
      [
        0,
        0,
        0,
        19,
        0
      ],
      [
        0,
        0,
        0,
        1,
        0
      ]
    ],
    "classification_report": {
      "enterobacter_aerogenes": {
        "precision": 1.0,
        "recall": 1.0,
        "f1-score": 1.0,
        "support": 1.0
      },
      "enterobacter_cloacae_complex": {
        "precision": 1.0,
        "recall": 1.0,
        "f1-score": 1.0,
        "support": 4.0
      },
      "escherichia_coli": {
        "precision": 1.0,
        "recall": 0.75,
        "f1-score": 0.8571428571428571,
        "support": 4.0
      },
      "klebsiella_pneumoniae": {
        "precision": 0.9047619047619048,
        "recall": 1.0,
        "f1-score": 0.95,
        "support": 19.0
      },
      "klebsiella_pneumoniae_ssp_ozaenae": {
        "precision": 0.0,
        "recall": 0.0,
        "f1-score": 0.0,
        "support": 1.0
      },
      "accuracy": 0.9310344827586207,
      "macro avg": {
        "precision": 0.780952380952381,
        "recall": 0.75,
        "f1-score": 0.7614285714285713,
        "support": 29.0
      },
      "weighted avg": {
        "precision": 0.90311986863711,
        "recall": 0.9310344827586207,
        "f1-score": 0.9130541871921182,
        "support": 29.0
      }
    }
  },
  "lightgbm": {
    "model": "lightgbm",
    "accuracy": 0.9310344827586207,
    "balanced_accuracy": 0.75,
    "f1_macro": 0.7614285714285713,
    "f1_weighted": 0.9130541871921182,
    "precision_macro": 0.780952380952381,
    "recall_macro": 0.75,
    "roc_auc_ovr": NaN,
    "confusion_matrix": [
      [
        1,
        0,
        0,
        0,
        0
      ],
      [
        0,
        4,
        0,
        0,
        0
      ],
      [
        0,
        0,
        3,
        1,
        0
      ],
      [
        0,
        0,
        0,
        19,
        0
      ],
      [
        0,
        0,
        0,
        1,
        0
      ]
    ],
    "classification_report": {
      "enterobacter_aerogenes": {
        "precision": 1.0,
        "recall": 1.0,
        "f1-score": 1.0,
        "support": 1.0
      },
      "enterobacter_cloacae_complex": {
        "precision": 1.0,
        "recall": 1.0,
        "f1-score": 1.0,
        "support": 4.0
      },
      "escherichia_coli": {
        "precision": 1.0,
        "recall": 0.75,
        "f1-score": 0.8571428571428571,
        "support": 4.0
      },
      "klebsiella_pneumoniae": {
        "precision": 0.9047619047619048,
        "recall": 1.0,
        "f1-score": 0.95,
        "support": 19.0
      },
      "klebsiella_pneumoniae_ssp_ozaenae": {
        "precision": 0.0,
        "recall": 0.0,
        "f1-score": 0.0,
        "support": 1.0
      },
      "accuracy": 0.9310344827586207,
      "macro avg": {
        "precision": 0.780952380952381,
        "recall": 0.75,
        "f1-score": 0.7614285714285713,
        "support": 29.0
      },
      "weighted avg": {
        "precision": 0.90311986863711,
        "recall": 0.9310344827586207,
        "f1-score": 0.9130541871921182,
        "support": 29.0
      }
    }
  },
  "logistic_regression": {
    "model": "logistic_regression",
    "accuracy": 0.896551724137931,
    "balanced_accuracy": 0.7394736842105263,
    "f1_macro": 0.7346153846153847,
    "f1_weighted": 0.8806366047745359,
    "precision_macro": 0.73,
    "recall_macro": 0.7394736842105263,
    "roc_auc_ovr": NaN,
    "confusion_matrix": [
      [
        1,
        0,
        0,
        0,
        0
      ],
      [
        0,
        4,
        0,
        0,
        0
      ],
      [
        0,
        0,
        3,
        1,
        0
      ],
      [
        0,
        0,
        1,
        18,
        0
      ],
      [
        0,
        0,
        0,
        1,
        0
      ]
    ],
    "classification_report": {
      "enterobacter_aerogenes": {
        "precision": 1.0,
        "recall": 1.0,
        "f1-score": 1.0,
        "support": 1.0
      },
      "enterobacter_cloacae_complex": {
        "precision": 1.0,
        "recall": 1.0,
        "f1-score": 1.0,
        "support": 4.0
      },
      "escherichia_coli": {
        "precision": 0.75,
        "recall": 0.75,
        "f1-score": 0.75,
        "support": 4.0
      },
      "klebsiella_pneumoniae": {
        "precision": 0.9,
        "recall": 0.9473684210526315,
        "f1-score": 0.9230769230769231,
        "support": 19.0
      },
      "klebsiella_pneumoniae_ssp_ozaenae": {
        "precision": 0.0,
        "recall": 0.0,
        "f1-score": 0.0,
        "support": 1.0
      },
      "accuracy": 0.896551724137931,
      "macro avg": {
        "precision": 0.73,
        "recall": 0.7394736842105263,
        "f1-score": 0.7346153846153847,
        "support": 29.0
      },
      "weighted avg": {
        "precision": 0.8655172413793104,
        "recall": 0.896551724137931,
        "f1-score": 0.8806366047745359,
        "support": 29.0
      }
    }
  },
  "svm": {
    "model": "svm",
    "accuracy": 0.8620689655172413,
    "balanced_accuracy": 0.6894736842105262,
    "f1_macro": 0.6393772893772894,
    "f1_weighted": 0.8494379184034357,
    "precision_macro": 0.63,
    "recall_macro": 0.6894736842105262,
    "roc_auc_ovr": NaN,
    "confusion_matrix": [
      [
        1,
        0,
        0,
        0,
        0
      ],
      [
        1,
        3,
        0,
        0,
        0
      ],
      [
        0,
        0,
        3,
        1,
        0
      ],
      [
        0,
        0,
        1,
        18,
        0
      ],
      [
        0,
        0,
        0,
        1,
        0
      ]
    ],
    "classification_report": {
      "enterobacter_aerogenes": {
        "precision": 0.5,
        "recall": 1.0,
        "f1-score": 0.6666666666666666,
        "support": 1.0
      },
      "enterobacter_cloacae_complex": {
        "precision": 1.0,
        "recall": 0.75,
        "f1-score": 0.8571428571428571,
        "support": 4.0
      },
      "escherichia_coli": {
        "precision": 0.75,
        "recall": 0.75,
        "f1-score": 0.75,
        "support": 4.0
      },
      "klebsiella_pneumoniae": {
        "precision": 0.9,
        "recall": 0.9473684210526315,
        "f1-score": 0.9230769230769231,
        "support": 19.0
      },
      "klebsiella_pneumoniae_ssp_ozaenae": {
        "precision": 0.0,
        "recall": 0.0,
        "f1-score": 0.0,
        "support": 1.0
      },
      "accuracy": 0.8620689655172413,
      "macro avg": {
        "precision": 0.63,
        "recall": 0.6894736842105262,
        "f1-score": 0.6393772893772894,
        "support": 29.0
      },
      "weighted avg": {
        "precision": 0.8482758620689655,
        "recall": 0.8620689655172413,
        "f1-score": 0.8494379184034357,
        "support": 29.0
      }
    }
  },
  "knn": {
    "model": "knn",
    "accuracy": 0.7931034482758621,
    "balanced_accuracy": 0.4789473684210527,
    "f1_macro": 0.47000000000000003,
    "f1_weighted": 0.7637931034482758,
    "precision_macro": 0.4619047619047619,
    "recall_macro": 0.4789473684210527,
    "roc_auc_ovr": NaN,